name,date
179AvianH1N6USA1976,1976
165AvianH1N1Canada1977,1977
177AvianH1N1Canada1977,1977
105AvianH1N1Canada1976,1976
267AvianH1N1Canada1976,1976
195AvianH1N6Canada1977,1977
162AvianH1N1Canada1977,1977
213AvianH1N5USA1978,1978
164AvianH1N1Canada1979,1979
163AvianH1N1Canada1979,1979
158AvianH1N1USA1981,1981
309AvianH1N1USA1980,1980
153AvianH1N5Canada1981,1981
156AvianH1N1Canada2002,2002
196AvianH1N1Canada1998,1998
180AvianH1N9USA1987,1987
274AvianH1N1USA1987,1987
279AvianH1N1USA1980,1980
116AvianH1N1USA1985,1985
106AvianH1N1USA1981,1981
199AvianH1N2USA1982,1982
155AvianH1N1Canada1988,1988
169AvianH1N1USA1987,1987
264AvianH1N1USA1986,1986
197AvianH1N1USA1990,1990
289AvianH1N1USA1993,1993
255AvianH1N1USA1994,1994
181AvianH1N1USA1993,1993
200AvianH1N1USA1993,1993
154AvianH1N1Canada1996,1996
198AvianH1N1USA1999,1999
223AvianH1N1USA2002,2002
224AvianH1N1USA2007,2007
233AvianH1N1USA2005,2005
182AvianH1N6USA2002,2002
302AvianH1N1USA2003,2003
303AvianH1N1USA2003,2003
157AvianH1N3NewZealand1976,1976
125AvianH1N1Japan1977,1977
285AvianH1N1HongKong1979,1979
132AvianH1N1Australia1980,1980
102AvianH1N1Japan1996,1996
126AvianH1N9Japan1998,1998
307AvianH1N1Italy2003,2003
276AvianH1N1Italy2007,2007
277AvianH1N1Italy2006,2006
133AvianH1N1Germany1977,1977
248AvianH1HongKong1977,1977
134SwineH1N1Netherlands1980,1980
234SwineH1N1Belgium1979,1979
237SwineH1N1France1984,1984
107SwineH1N1Netherlands1985,1985
117SwineH1N1Belgium1983,1983
135SwineH1N1Italy1987,1987
149SwineH1N1Germany1995,1995
235SwineH1N1France1995,1995
288SwineH1N1Germany1992,1992
227SwineH1N1Spain1991,1991
226SwineH1N1France1985,1985
238SwineH1N1UnitedKingdom1992,1992
210SwineH1N1UnitedKingdom1995,1995
236SwineH1N1UnitedKingdom1996,1996
225SwineH1N1UnitedKingdom1993,1993
212SwineH1N1UnitedKingdom1999,1999
246SwineH1N1UnitedKingdom1994,1994
211SwineH1N1UnitedKingdom1998,1998
247SwineH1N1UnitedKingdom1997,1997
141SwineH1N1Italy1997,1997
123SwineH1N1Italy1996,1996
140SwineH1N1Italy1998,1998
191SwineH1N1Italy1997,1997
310SwineH1N1Germany1993,1993
228SwineH1N1Denmark1993,1993
305SwineH1N1Belgium1998,1998
168SwineH1N1Spain2003,2003
159SwineH1N1Spain2004,2004
278SwineH1N1Hungary2006,2006
124SwineH1N1France1999,1999
304SwineH1N1China2007,2007
287SwineH1N1Germany2003,2003
167SwineH1N1Spain2003,2003
192SwineH1N2Germany2000,2000
1HumanH1N1USA1918,1918
3HumanH1N1UnitedKingdom1933,1933
2HumanH1N1UnitedKingdom1933,1933
23HumanH1Japan1967,1967
7HumanH1N1Australia1935,1935
6HumanH1N1USA1935,1935
8HumanH1N11936,1936
4HumanH1N1PuertoRico1934,1934
5HumanH1N1PuertoRico1934,1934
10HumanH1N1USA1942,1942
11HumanH1N1USA1943,1943
12HumanH1N1USA1943,1943
13HumanH1N1USA1945,1945
9HumanH1N1USA1940,1940
14HumanH1N11946,1946
15HumanH1N1USA1947,1947
16HumanH1N1USA1947,1947
18HumanH1N1USA1950,1950
22HumanH1N1USA1957,1957
19HumanH1N1USA1951,1951
20HumanH1N1Malaysia1954,1954
17HumanH1N1USA1948,1948
21HumanH1N1Russia1954,1954
26HumanH1N1HongKong19771954,1954
27HumanH1N1USA19781955,1955
31HumanH1N1USA19831960,1960
29HumanH1N1UnitedKingdom19821959,1959
30HumanH1N1Fiji19831960,1960
28HumanH1N1India19801957,1957
33HumanH1N1USA19861963,1963
36HumanH1N1Italy19891966,1966
39HumanH1N1Mongolia19911968,1968
35HumanH1N1Japan19891966,1966
37HumanH1N1Italy19891966,1966
38HumanH1N1USA19911968,1968
44HumanH1N1USA19951972,1972
43HumanH1N1Switzerland19951972,1972
55HumanH1N1Australia20001977,1977
41HumanH1N1USA19951972,1972
48HumanH1N1Taiwan19961973,1973
42HumanH1N1China19951972,1972
45HumanH1N1USA19951972,1972
47HumanH1N1USA19961973,1973
40HumanH1N1China19951972,1972
46HumanH1N1China19961973,1973
52HumanH1N1HongKong19981975,1975
49HumanH1N1Taiwan19971974,1974
51HumanH1N1HongKong19981975,1975
50HumanH1N1HongKong19981975,1975
60HumanH1N1Taiwan20021979,1979
54HumanH1N1NewCaledonia19991976,1976
53HumanH1N1Taiwan19991976,1976
56HumanH1N1USA20001977,1977
57HumanH1N1NewZealand20001977,1977
58HumanH1N1NewZealand20001977,1977
61HumanH1N2USA20021979,1979
62HumanH1N2Denmark20031980,1980
64HumanH1N2USA20031980,1980
59HumanH1N1Japan20011978,1978
63HumanH1N1USA20031980,1980
65HumanH1N1Denmark20041981,1981
68HumanH1N1Australia20051982,1982
79HumanH1N1USA20071984,1984
76HumanH1N1USA20061983,1983
82HumanH1N1USA20071984,1984
72HumanH1N1Thailand20061983,1983
77HumanH1N1SolomonIslands20061983,1983
74HumanH1N1China20061983,1983
75HumanH1N1China20061983,1983
81HumanH1N1USA20071984,1984
71HumanH1N1China20061983,1983
73HumanH1N1China20061983,1983
98HumanH1N1USA20081985,1985
83HumanH1N1USA20071984,1984
84HumanH1N1USA20071984,1984
67HumanH1N1NewZealand20041981,1981
97HumanH1N1Australia20081985,1985
78HumanH1N1USA20061983,1983
80HumanH1N1USA20071984,1984
86HumanH1N1USA20071984,1984
92HumanH1N1USA20081985,1985
87HumanH1N1USA20071984,1984
88HumanH1N1USA20071984,1984
85HumanH1N1USA20071984,1984
95HumanH1N1USA20081985,1985
89HumanH1N1USA20071984,1984
93HumanH1N1USA20081985,1985
94HumanH1N1USA20081985,1985
96HumanH1N1USA20081985,1985
90HumanH1N1USA20081985,1985
100HumanH1N1USA20081985,1985
91HumanH1N1USA20081985,1985
99HumanH1N1USA20081985,1985
115SwineH1N1USA1930,1930
166SwineH1N11931,1931
292SwineH1N1USA1945,1945
243SwineH1N1USA1942,1942
244SwineH1N1USA1935,1935
232SwineH1N1USA1957,1957
104SwineH1N1USA1961,1961
293SwineH1N1USA1968,1968
219SwineH1N1USA1966,1966
207SwineH1N1USA1967,1967
190SwineH1N1USA1970,1970
188SwineH1N1USA1971,1971
257SwineH1N1USA1973,1973
202SwineH1N1USA1975,1975
308SwineH1N1USA1976,1976
171SwineH1N1USA1977,1977
240SwineH1N1USA1977,1977
217SwineH1N1USA1977,1977
242SwineH1N1USA1977,1977
214SwineH1N1USA1976,1976
170SwineH1N1USA1976,1976
178SwineH1N1USA1977,1977
205SwineH1N1USA1977,1977
184SwineH1N1USA1977,1977
187SwineH1N1USA1978,1978
144SwineH1N1Japan1977,1977
290SwineH1N1UnitedKingdom1993,1993
312SwineH1N1UnitedKingdom1986,1986
103SwineH1N1Japan1979,1979
113SwineH1N2Japan1996,1996
110SwineH1N2Japan2003,2003
128SwineH1N2Japan2006,2006
183SwineH1N1USA1976,1976
209SwineH1N1USA1978,1978
231SwineH1N1USA1977,1977
127SwineH1N2Japan1980,1980
145SwineH1N1Japan1981,1981
215SwineH1N1USA1976,1976
218SwineH1N1USA1977,1977
221SwineH1N1USA1978,1978
208SwineH1N1USA1978,1978
220SwineH1N1USA1978,1978
112SwineH1N2Thailand2005,2005
261SwineH1N1Thailand2005,2005
143SwineH1N1Thailand2004,2004
262SwineH1N1Thailand2005,2005
206SwineH1N1USA1980,1980
186SwineH1N1USA1979,1979
189SwineH1N1USA1980,1980
203SwineH1N1Canada1981,1981
216SwineH1N1Canada1981,1981
222SwineH1N1USA1987,1987
299SwineH1N1USA1992,1992
268SwineH1N1Canada2004,2004
281SwineH1N1Canada2003,2003
253SwineH1N1Canada2004,2004
301SwineH1Canada1991,1991
194SwineH1N2Taiwan2003,2003
282SwineH1N2Taiwan2004,2004
249SwineH1N1Canada2003,2003
251SwineH1N1Canada2003,2003
245SwineH1N1USA1986,1986
185SwineH1N1USA1985,1985
230SwineH1N1USA1987,1987
142SwineH1N1Thailand2000,2000
118SwineH1N1USA1997,1997
175SwineH1N2USA2001,2001
300SwineH1N1USA1988,1988
111SwineH1N1Thailand2003,2003
241SwineH1N1USA1988,1988
201SwineH1N1USA1988,1988
239SwineH1N1China2001,2001
294SwineH1N1China2005,2005
204SwineH1N1USA1991,1991
136SwineH1N1USA1997,1997
108SwineH1N1USA1997,1997
109SwineH1N1USA1998,1998
146SwineH1N1USA1998,1998
280SwineH1N2China2004,2004
284SwineH1N2China2005,2005
306SwineH1N2China2007,2007
271SwineH1N1USA1999,1999
148SwineH1N2USA2000,2000
138SwineH1N2USA2001,2001
272SwineH1N1USA2002,2002
172SwineH1N2USA2001,2001
120SwineH1N2USA2001,2001
193SwineH1N2SouthKorea2002,2002
160SwineH1N2USA2001,2001
260SwineH1N1USA2004,2004
296SwineH1N1SouthKorea2004,2004
297SwineH1N1SouthKorea2005,2005
174SwineH1N2USA2001,2001
147SwineH1N2USA2001,2001
258SwineH1N2USA2001,2001
139SwineH1N2USA2000,2000
101HumanH1N1USA2009,2009
313HumanH1N1USA2009,2009
269SwineH1N2China2006,2006
283SwineH1N2China2005,2005
119SwineH1N2USA1999,1999
173SwineH1N2USA2001,2001
121SwineH1N2USA2001,2001
122SwineH1N2USA2001,2001
137SwineH1N2USA2001,2001
263SwineH1N1USA2007,2007
273SwineH1N2USA2003,2003
151SwineH1N2USA2001,2001
259SwineH1N2USA2004,2004
291SwineH1N2SouthKorea2005,2005
266SwineH1N2SouthKorea2005,2005
298SwineH1N2SouthKorea2005,2005
265SwineH1N2SouthKorea2004,2004
275SwineH1N2SouthKorea2006,2006
